<?xml version="1.0" encoding="UTF-8"?>
<osm version="0.6" generator="CGImap 0.3.3 (31714 thorn-01.openstreetmap.org)" copyright="OpenStreetMap and contributors" attribution="http://www.openstreetmap.org/copyright" license="http://opendatacommons.org/licenses/odbl/1-0/">
 <relation id="1707362" visible="true" version="78" changeset="23110064" timestamp="2014-06-23T20:08:26Z" user="KDDA" uid="457966">
  <member type="way" ref="24444453" role=""/>
  <member type="way" ref="78456661" role=""/>
  <member type="way" ref="31070866" role=""/>
  <member type="way" ref="114735708" role=""/>
  <member type="way" ref="114732370" role=""/>
  <member type="way" ref="31070869" role=""/>
  <member type="way" ref="31106807" role=""/>
  <member type="way" ref="177920695" role=""/>
  <member type="way" ref="177920694" role=""/>
  <member type="way" ref="179145239" role=""/>
  <member type="way" ref="125490897" role=""/>
  <member type="way" ref="125490895" role=""/>
  <member type="way" ref="122887606" role=""/>
  <member type="way" ref="115102173" role=""/>
  <member type="way" ref="115102179" role=""/>
  <member type="way" ref="179147754" role=""/>
  <member type="way" ref="179147755" role=""/>
  <member type="way" ref="5111198" role=""/>
  <member type="way" ref="5111197" role=""/>
  <member type="way" ref="14816892" role=""/>
  <member type="way" ref="179149768" role=""/>
  <member type="way" ref="220890862" role=""/>
  <member type="way" ref="115102175" role=""/>
  <member type="way" ref="207181426" role=""/>
  <member type="way" ref="207181416" role=""/>
  <member type="way" ref="122872001" role=""/>
  <member type="way" ref="122876117" role=""/>
  <member type="way" ref="122876196" role=""/>
  <member type="way" ref="125492739" role=""/>
  <member type="way" ref="191450345" role=""/>
  <member type="way" ref="191450343" role=""/>
  <member type="way" ref="24487402" role=""/>
  <member type="way" ref="24487401" role=""/>
  <member type="way" ref="188356567" role=""/>
  <member type="way" ref="188356568" role=""/>
  <member type="way" ref="117712593" role=""/>
  <member type="way" ref="115106543" role=""/>
  <member type="way" ref="115374191" role=""/>
  <member type="way" ref="115374174" role=""/>
  <member type="way" ref="115106552" role=""/>
  <member type="way" ref="115106548" role=""/>
  <member type="way" ref="125495776" role=""/>
  <member type="way" ref="115106553" role=""/>
  <member type="way" ref="179161859" role=""/>
  <member type="way" ref="115106547" role=""/>
  <member type="way" ref="23343260" role=""/>
  <member type="way" ref="115106549" role=""/>
  <member type="way" ref="182090921" role=""/>
  <member type="way" ref="182090900" role=""/>
  <member type="way" ref="115106544" role=""/>
  <member type="way" ref="122886491" role=""/>
  <member type="way" ref="122886483" role=""/>
  <member type="way" ref="25577504" role=""/>
  <member type="way" ref="180456601" role=""/>
  <member type="way" ref="285593378" role=""/>
  <member type="way" ref="285593379" role=""/>
  <member type="way" ref="115124854" role=""/>
  <member type="way" ref="177205926" role=""/>
  <member type="way" ref="177205924" role=""/>
  <member type="way" ref="125509754" role=""/>
  <member type="way" ref="115124855" role=""/>
  <member type="way" ref="215597431" role=""/>
  <member type="way" ref="115124852" role=""/>
  <member type="way" ref="53064680" role=""/>
  <member type="way" ref="215597416" role=""/>
  <member type="way" ref="23334183" role=""/>
  <member type="way" ref="165023126" role=""/>
  <member type="way" ref="24487345" role=""/>
  <member type="way" ref="123985457" role=""/>
  <member type="way" ref="289407421" role=""/>
  <member type="way" ref="289407414" role=""/>
  <member type="way" ref="289407418" role=""/>
  <member type="way" ref="289407407" role=""/>
  <member type="way" ref="272699342" role=""/>
  <member type="way" ref="275503908" role=""/>
  <member type="way" ref="289407410" role=""/>
  <member type="way" ref="275503907" role=""/>
  <member type="way" ref="199559763" role=""/>
  <member type="way" ref="199578457" role=""/>
  <member type="way" ref="199578475" role=""/>
  <member type="way" ref="199578458" role=""/>
  <member type="way" ref="199578478" role=""/>
  <member type="way" ref="199578461" role=""/>
  <member type="way" ref="199578962" role=""/>
  <member type="way" ref="69059727" role=""/>
  <member type="way" ref="199578961" role=""/>
  <member type="way" ref="180141760" role=""/>
  <member type="way" ref="71294158" role=""/>
  <member type="way" ref="71294202" role=""/>
  <member type="way" ref="199578964" role=""/>
  <member type="way" ref="199578966" role=""/>
  <member type="way" ref="199578963" role=""/>
  <member type="way" ref="69330456" role=""/>
  <member type="way" ref="64733187" role=""/>
  <member type="way" ref="64733195" role=""/>
  <member type="way" ref="261165137" role=""/>
  <member type="way" ref="261165138" role=""/>
  <member type="way" ref="123985455" role=""/>
  <member type="way" ref="117616306" role=""/>
  <member type="way" ref="199579152" role=""/>
  <member type="way" ref="272699337" role=""/>
  <member type="way" ref="272699338" role=""/>
  <member type="way" ref="272699339" role=""/>
  <member type="way" ref="272699336" role=""/>
  <member type="way" ref="125529502" role=""/>
  <member type="way" ref="116781261" role=""/>
  <member type="way" ref="78460617" role=""/>
  <member type="way" ref="75695183" role=""/>
  <member type="way" ref="240375887" role=""/>
  <member type="way" ref="240375888" role=""/>
  <member type="way" ref="180137223" role=""/>
  <member type="way" ref="182053536" role=""/>
  <member type="way" ref="182053535" role=""/>
  <member type="way" ref="38940527" role=""/>
  <member type="way" ref="180164673" role=""/>
  <member type="way" ref="180136286" role=""/>
  <member type="way" ref="180137008" role=""/>
  <member type="way" ref="78460619" role=""/>
  <member type="way" ref="125499451" role=""/>
  <member type="way" ref="125499453" role=""/>
  <member type="way" ref="125499455" role=""/>
  <member type="way" ref="248868418" role=""/>
  <member type="way" ref="248868417" role=""/>
  <member type="way" ref="123449586" role=""/>
  <member type="way" ref="116779888" role=""/>
  <member type="way" ref="220788144" role=""/>
  <member type="way" ref="220788145" role=""/>
  <member type="way" ref="289045771" role=""/>
  <member type="way" ref="289045772" role=""/>
  <member type="way" ref="125500015" role=""/>
  <member type="way" ref="125500379" role=""/>
  <member type="way" ref="123569218" role=""/>
  <member type="way" ref="116018044" role=""/>
  <member type="way" ref="116018042" role=""/>
  <member type="way" ref="122313678" role=""/>
  <member type="way" ref="122304697" role=""/>
  <member type="way" ref="194549027" role=""/>
  <member type="way" ref="194549028" role=""/>
  <member type="way" ref="122389993" role=""/>
  <member type="way" ref="288627503" role=""/>
  <member type="way" ref="288627504" role=""/>
  <member type="way" ref="122700837" role=""/>
  <member type="way" ref="122299504" role=""/>
  <member type="way" ref="115126378" role=""/>
  <member type="way" ref="177904638" role=""/>
  <member type="way" ref="177904639" role=""/>
  <member type="way" ref="120743708" role=""/>
  <member type="way" ref="115113658" role=""/>
  <member type="way" ref="177910518" role=""/>
  <member type="way" ref="177910522" role=""/>
  <member type="way" ref="157392885" role=""/>
  <member type="way" ref="157392884" role=""/>
  <member type="way" ref="261403041" role=""/>
  <member type="way" ref="114338472" role=""/>
  <member type="way" ref="116044951" role=""/>
  <member type="way" ref="261403031" role=""/>
  <member type="way" ref="123326142" role=""/>
  <member type="way" ref="155859118" role=""/>
  <member type="way" ref="155857382" role=""/>
  <member type="way" ref="114717638" role=""/>
  <member type="way" ref="114394337" role=""/>
  <member type="way" ref="177292837" role=""/>
  <member type="way" ref="114338493" role=""/>
  <member type="way" ref="114708719" role=""/>
  <member type="way" ref="165548445" role=""/>
  <member type="way" ref="179145240" role=""/>
  <member type="way" ref="179145242" role=""/>
  <member type="way" ref="180451647" role=""/>
  <member type="way" ref="179145245" role=""/>
  <member type="way" ref="179145244" role=""/>
  <member type="way" ref="223007358" role=""/>
  <member type="way" ref="179145243" role=""/>
  <member type="way" ref="179145622" role=""/>
  <member type="way" ref="178706407" role=""/>
  <member type="way" ref="179145623" role=""/>
  <member type="way" ref="178706408" role=""/>
  <member type="way" ref="178706415" role=""/>
  <member type="way" ref="178706409" role=""/>
  <member type="way" ref="179145626" role=""/>
  <member type="way" ref="179146505" role=""/>
  <member type="way" ref="179146831" role=""/>
  <member type="way" ref="229922222" role=""/>
  <member type="way" ref="229922226" role=""/>
  <member type="way" ref="252909169" role=""/>
  <member type="way" ref="229922233" role=""/>
  <member type="way" ref="115102174" role=""/>
  <member type="way" ref="179147757" role=""/>
  <member type="way" ref="179147758" role=""/>
  <member type="way" ref="179147764" role=""/>
  <member type="way" ref="179147766" role=""/>
  <member type="way" ref="179149764" role=""/>
  <member type="way" ref="259418440" role=""/>
  <member type="way" ref="259418442" role=""/>
  <member type="way" ref="179149809" role=""/>
  <member type="way" ref="207181419" role=""/>
  <member type="way" ref="207181427" role=""/>
  <member type="way" ref="179149856" role=""/>
  <member type="way" ref="207162538" role=""/>
  <member type="way" ref="207162555" role=""/>
  <member type="way" ref="207181422" role=""/>
  <member type="way" ref="207181408" role=""/>
  <member type="way" ref="207181413" role=""/>
  <member type="way" ref="207181423" role=""/>
  <member type="way" ref="179151756" role=""/>
  <member type="way" ref="179151750" role=""/>
  <member type="way" ref="179149886" role=""/>
  <member type="way" ref="179151761" role=""/>
  <member type="way" ref="179152700" role=""/>
  <member type="way" ref="179152701" role=""/>
  <member type="way" ref="179152702" role=""/>
  <member type="way" ref="179152703" role=""/>
  <member type="way" ref="179152704" role=""/>
  <member type="way" ref="179154263" role=""/>
  <member type="way" ref="179154266" role=""/>
  <member type="way" ref="179154269" role=""/>
  <member type="way" ref="240704121" role=""/>
  <member type="way" ref="107711847" role=""/>
  <member type="way" ref="107711844" role=""/>
  <member type="way" ref="179155258" role=""/>
  <member type="way" ref="179155255" role=""/>
  <member type="way" ref="179155265" role=""/>
  <member type="way" ref="177699041" role=""/>
  <member type="way" ref="148226442" role=""/>
  <member type="way" ref="148226442" role=""/>
  <member type="way" ref="122886488" role=""/>
  <member type="way" ref="179155872" role=""/>
  <member type="way" ref="179156904" role=""/>
  <member type="way" ref="129258279" role=""/>
  <member type="way" ref="177699517" role=""/>
  <member type="way" ref="25827820" role=""/>
  <member type="way" ref="177795902" role=""/>
  <member type="way" ref="177795898" role=""/>
  <member type="way" ref="177795908" role=""/>
  <member type="way" ref="177795891" role=""/>
  <member type="way" ref="77194534" role=""/>
  <member type="way" ref="129258263" role=""/>
  <member type="way" ref="25827820" role=""/>
  <member type="way" ref="177795902" role=""/>
  <member type="way" ref="177795898" role=""/>
  <member type="way" ref="177795908" role=""/>
  <member type="way" ref="177795891" role=""/>
  <member type="way" ref="77194534" role=""/>
  <member type="way" ref="129258263" role=""/>
  <member type="way" ref="179156909" role=""/>
  <member type="way" ref="25827820" role=""/>
  <member type="way" ref="177795902" role=""/>
  <member type="way" ref="177795898" role=""/>
  <member type="way" ref="177795908" role=""/>
  <member type="way" ref="177795891" role=""/>
  <member type="way" ref="77194534" role=""/>
  <member type="way" ref="129258263" role=""/>
  <member type="way" ref="179156909" role=""/>
  <member type="way" ref="77194581" role=""/>
  <member type="way" ref="77194543" role=""/>
  <member type="way" ref="107712075" role=""/>
  <member type="way" ref="30256385" role=""/>
  <member type="way" ref="30256381" role=""/>
  <member type="way" ref="30256460" role=""/>
  <member type="way" ref="30256459" role=""/>
  <member type="way" ref="179156912" role=""/>
  <member type="way" ref="30256462" role=""/>
  <member type="way" ref="30287335" role=""/>
  <member type="way" ref="179156924" role=""/>
  <member type="way" ref="30256465" role=""/>
  <member type="way" ref="23334080" role=""/>
  <member type="way" ref="177795893" role=""/>
  <member type="way" ref="179161860" role=""/>
  <member type="way" ref="179161863" role=""/>
  <member type="way" ref="179161862" role=""/>
  <member type="way" ref="179161868" role=""/>
  <member type="way" ref="179161868" role=""/>
  <member type="way" ref="135218002" role=""/>
  <member type="way" ref="135217984" role=""/>
  <member type="way" ref="115106541" role=""/>
  <member type="way" ref="206096494" role=""/>
  <member type="way" ref="206096490" role=""/>
  <member type="way" ref="25577505" role=""/>
  <member type="way" ref="125827400" role=""/>
  <member type="way" ref="179161872" role=""/>
  <member type="way" ref="179161872" role=""/>
  <member type="way" ref="179161874" role=""/>
  <member type="way" ref="179161873" role=""/>
  <member type="way" ref="179161871" role=""/>
  <member type="way" ref="179174322" role=""/>
  <member type="way" ref="289219243" role=""/>
  <member type="way" ref="289219242" role=""/>
  <member type="way" ref="179174321" role=""/>
  <member type="way" ref="289218733" role=""/>
  <member type="way" ref="289218732" role=""/>
  <member type="way" ref="115124853" role=""/>
  <member type="way" ref="179177137" role=""/>
  <member type="way" ref="215597430" role=""/>
  <member type="way" ref="179177145" role=""/>
  <member type="way" ref="179177145" role=""/>
  <member type="way" ref="215597430" role=""/>
  <member type="way" ref="179177144" role=""/>
  <member type="way" ref="165535131" role=""/>
  <member type="way" ref="179177147" role=""/>
  <member type="way" ref="179177153" role=""/>
  <member type="way" ref="179177153" role=""/>
  <member type="way" ref="179177156" role=""/>
  <member type="way" ref="165530729" role=""/>
  <member type="way" ref="179179051" role=""/>
  <member type="way" ref="179178758" role=""/>
  <member type="way" ref="179178757" role=""/>
  <member type="way" ref="179178753" role=""/>
  <member type="way" ref="199578452" role="alternate_route"/>
  <member type="way" ref="64106777" role="alternate_route"/>
  <member type="way" ref="289448283" role="alternate_route"/>
  <member type="way" ref="289448284" role="alternate_route"/>
  <member type="way" ref="78474095" role="alternate_route"/>
  <member type="way" ref="289448278" role="alternate_route"/>
  <member type="way" ref="289448276" role="alternate_route"/>
  <member type="way" ref="289448282" role="alternate_route"/>
  <member type="way" ref="272699340" role="alternate_route"/>
  <member type="way" ref="289448277" role="alternate_route"/>
  <member type="way" ref="289413519" role="alternate_route"/>
  <member type="way" ref="289413523" role="alternate_route"/>
  <member type="way" ref="289413521" role="alternate_route"/>
  <member type="way" ref="199578453" role=""/>
  <member type="way" ref="272699343" role=""/>
  <member type="way" ref="220890869" role=""/>
  <member type="way" ref="220890866" role=""/>
  <member type="way" ref="179178012" role=""/>
  <member type="way" ref="177902889" role=""/>
  <member type="way" ref="222756995" role=""/>
  <member type="way" ref="155857543" role=""/>
  <member type="way" ref="155859117" role=""/>
  <tag k="distance" v="370 km"/>
  <tag k="name" v="Kingfisher Cycle Trail - Southern Loop"/>
  <tag k="network" v="rcn"/>
  <tag k="ref" v="KCT2"/>
  <tag k="route" v="bicycle"/>
  <tag k="type" v="route"/>
  <tag k="url_ref" v="http://www.kingfishercycletrail.com/trail-route/ride-2/"/>
 </relation>
</osm>
